readcode,medcode,readterm,,,,,,,,,,
7K14.00,6734,open surgical fracture of bone,,,,,,,,,,
7K14y00,32178,other specified open surgical fracture of bone,,,,,,,,,,
7K14z00,41563,open surgical fracture of bone nos,,,,,,,,,,
7K15.00,7393,other surgical fracture of bone,,,,,,,,,,
7K15y00,72908,other specified other surgical fracture of bone,,,,,,,,,,
7K15z00,33357,other surgical fracture of bone nos,,,,,,,,,,
7K1F100,55995,primary excis intraarticular fragment intraartic fract bone,,,,,,,,,,
B563200,50904,secondary and unspec malig neop infraclavicular lymph nodes,,,,,,,,,,
B585000,18676,pathological fracture due to metastatic bone disease,,,,,,,,,,
N331.00,5526,pathological fracture,,,,,,,,,,
N331.13,100677,sponanteous fracture,,,,,,,,,,
N331000,30616,pathological fracture of thoracic vertebra,,,,,,,,,,
N331100,30352,pathological fracture of lumbar vertebra,,,,,,,,,,
N331200,39334,postoophorectomy osteoporosis with pathological fracture,,,,,,,,,,
N331300,33526,osteoporosis of disuse with pathological fracture,,,,,,,,,,
N331500,46894,drug-induced osteoporosis with pathological fracture,,,,,,,,,,
N331600,27597,idiopathic osteoporosis with pathological fracture,,,,,,,,,,
N331800,17377,osteoporosis + pathological fracture lumbar vertebrae,,,,,,,,,,
N331900,12673,osteoporosis + pathological fracture thoracic vertebrae,,,,,,,,,,
N331A00,48772,osteoporosis + pathological fracture cervical vertebrae,,,,,,,,,,
N331B00,38395,postmenopausal osteoporosis with pathological fracture,,,,,,,,,,
N331C00,37945,pathological fracture of cervical vertebra,,,,,,,,,,
N331M00,11503,fragility fracture due to unspecified osteoporosis,,,,,,,,,,
N331M11,93705,minimal trauma fracture due to unspecified osteoporosis,,,,,,,,,,
N331N00,93497,fragility fracture,,,,,,,,,,
N331N11,93981,minimal trauma fracture,,,,,,,,,,
N331y00,29332,other specified pathological fracture,,,,,,,,,,
N331z00,62343,pathological fracture nos,,,,,,,,,,
NyuB000,57301,[x]other osteoporosis with pathological fracture,,,,,,,,,,
NyuB800,18825,[x]unspecified osteoporosis with pathological fracture,,,,,,,,,,
S0...00,721,fracture of skull,,,,,,,,,,
S00..00,15184,fracture of vault of skull,,,,,,,,,,
S00..11,3809,frontal bone fracture,,,,,,,,,,
S00..12,8573,parietal bone fracture,,,,,,,,,,
S000.00,47842,closed fracture vault of skull without intracranial injury,,,,,,,,,,
S001.00,27657,closed fracture vault of skull with intracranial injury,,,,,,,,,,
S002.00,57246,open fracture vault of skull without intracranial injury,,,,,,,,,,
S003.00,51299,open fracture vault of skull with intracranial injury,,,,,,,,,,
S00z.00,20195,fracture of vault of skull nos,,,,,,,,,,
S01..00,2461,fracture of base of skull,,,,,,,,,,
S01..11,59798,anterior fossa fracture,,,,,,,,,,
S01..12,30707,ethmoid sinus fracture,,,,,,,,,,
S01..13,41675,frontal sinus fracture,,,,,,,,,,
S01..14,24135,middle fossa fracture,,,,,,,,,,
S01..15,9736,occiput bone fracture,,,,,,,,,,
S01..16,37609,orbital roof fracture,,,,,,,,,,
S01..17,61757,posterior fossa fracture,,,,,,,,,,
S01..18,37686,sphenoid bone fracture,,,,,,,,,,
S01..19,5567,temporal bone fracture,,,,,,,,,,
S010.00,62977,closed fracture base of skull without intracranial injury,,,,,,,,,,
S011.00,63679,closed fracture base of skull with intracranial injury,,,,,,,,,,
S012.00,69737,open fracture base skull without mention intracranial injury,,,,,,,,,,
S013.00,97064,open fracture base of skull with intracranial injury,,,,,,,,,,
S01z.00,33593,fracture of base of skull nos,,,,,,,,,,
S02..00,9103,fracture of face bones,,,,,,,,,,
S020.00,417,closed fracture nose,,,,,,,,,,
S020.11,9771,closed fracture nasal bone,,,,,,,,,,
S021.00,3408,open fracture nose,,,,,,,,,,
S021.11,37192,open fracture nasal bone,,,,,,,,,,
S022.00,2642,"fracture of mandible, closed",,,,,,,,,,
S022.11,62716,"fracture of inferior maxilla, closed",,,,,,,,,,
S022.12,16890,"fracture of lower jaw, closed",,,,,,,,,,
S022000,29091,closed fracture mandible (site unspecified),,,,,,,,,,
S022100,12179,"closed fracture of mandible, condylar process",,,,,,,,,,
S022200,41730,"closed fracture of mandible, subcondylar",,,,,,,,,,
S022300,59341,"closed fracture of mandible, coronoid process",,,,,,,,,,
S022400,28913,"closed fracture of mandible, ramus, unspecified",,,,,,,,,,
S022500,41707,"closed fracture of mandible, angle of jaw",,,,,,,,,,
S022600,71583,"closed fracture of mandible, symphysis of body",,,,,,,,,,
S022700,57190,"closed fracture of mandible, alveolar border of body",,,,,,,,,,
S022800,59006,"closed fracture of mandible, body, other and unspecified",,,,,,,,,,
S022x00,37904,"closed fracture of mandible, multiple sites",,,,,,,,,,
S022z00,36268,"fracture of mandible, closed, nos",,,,,,,,,,
S023.00,38050,"fracture of mandible, open",,,,,,,,,,
S023.11,36772,"fracture of lower jaw, open",,,,,,,,,,
S023000,70673,open fracture mandible (site unspecified),,,,,,,,,,
S023100,60633,"open fracture of mandible, condylar process",,,,,,,,,,
S023200,99549,"open fracture of mandible, subcondylar",,,,,,,,,,
S023300,112595,"open fracture of mandible, coronoid process",,,,,,,,,,
S023400,68660,"open fracture of mandible, ramus, unspecified",,,,,,,,,,
S023500,55955,"open fracture of mandible, angle of jaw",,,,,,,,,,
S023600,104931,"open fracture of mandible, symphysis of body",,,,,,,,,,
S023700,106283,"open fracture of mandible, alveolar border of body",,,,,,,,,,
S023800,60260,"open fracture of mandible, body, other and unspecified",,,,,,,,,,
S023x00,54553,"open fracture of mandible, multiple sites",,,,,,,,,,
S023z00,60239,"fracture of mandible, open, nos",,,,,,,,,,
S024.00,14878,"fracture of malar or maxillary bones, closed",,,,,,,,,,
S024.11,36448,"fracture of upper jaw, closed",,,,,,,,,,
S024000,4225,closed fracture maxilla,,,,,,,,,,
S024100,2251,closed fracture zygoma,,,,,,,,,,
S024z00,49644,"fracture of malar or maxillary bones, closed, nos",,,,,,,,,,
S025.00,48636,"fracture of malar or maxillary bones, open",,,,,,,,,,
S025.11,70282,"fracture of upper jaw, open",,,,,,,,,,
S025000,32011,open fracture maxilla,,,,,,,,,,
S025100,12462,open fracture zygoma,,,,,,,,,,
S025z00,68940,"fracture of malar or maxillary bones, open, nos",,,,,,,,,,
S026.00,24790,closed orbital blow-out fracture,,,,,,,,,,
S027.00,33459,open orbital blow-out fracture,,,,,,,,,,
S028.00,30203,fracture of skull and facial bones,,,,,,,,,,
S028000,5280,fracture of nasal bones,,,,,,,,,,
S028100,20515,fracture of orbital floor,,,,,,,,,,
S028200,30028,fracture of malar and maxillary bones,,,,,,,,,,
S028300,11161,fracture of mandible,,,,,,,,,,
S02A.00,44343,le fort i fracture maxilla,,,,,,,,,,
S02B.00,44949,le fort ii fracture maxilla,,,,,,,,,,
S02C.00,68981,le fort iii fracture maxilla,,,,,,,,,,
S02x.00,29119,closed fracture other facial bone,,,,,,,,,,
S02x000,27287,"fracture of alveolus, closed",,,,,,,,,,
S02x100,4978,"fracture of orbit nos, closed",,,,,,,,,,
S02x200,55531,"fracture of palate, closed",,,,,,,,,,
S02xz00,26408,"fracture of other facial bones, closed, nos",,,,,,,,,,
S02y.00,59233,open fracture other facial bone,,,,,,,,,,
S02y000,49840,"fracture of alveolus, open",,,,,,,,,,
S02y100,31153,"fracture of orbit nos, open",,,,,,,,,,
S02y200,104738,"fracture of palate, open",,,,,,,,,,
S02yz00,35312,"fracture of other facial bones,open, nos",,,,,,,,,,
S02z.00,25631,fracture of facial bone nos,,,,,,,,,,
S02z.11,17455,jaw fracture nos,,,,,,,,,,
S03..00,61388,other and unqualified skull fractures,,,,,,,,,,
S030.00,57644,closed fracture of skull nos without intracranial injury,,,,,,,,,,
S031.00,27492,closed fracture of skull nos with intracranial injury,,,,,,,,,,
S033.00,67603,open fracture of skull nos with intracranial injury,,,,,,,,,,
S03z.00,57328,skull fracture nos,,,,,,,,,,
S03z.11,23780,depressed skull fracture nos,,,,,,,,,,
S04..00,46142,multiple fractures involving skull or face with other bones,,,,,,,,,,
S04..11,31797,multiple face fractures,,,,,,,,,,
S04..12,39859,multiple skull fractures,,,,,,,,,,
S044.00,33515,multiple fractures involving skull and facial bones,,,,,,,,,,
S04z.00,50247,multiple fractures involving skull/face with other bones nos,,,,,,,,,,
S0z..00,33692,fracture of skull nos,,,,,,,,,,
S1...00,10252,fracture of neck and trunk,,,,,,,,,,
S10..00,8255,fracture of spine without mention of spinal cord injury,,,,,,,,,,
S10..11,30058,fracture of transverse process spine - no spinal cord lesion,,,,,,,,,,
S10..12,4409,fracture of vertebra without spinal cord lesion,,,,,,,,,,
S100.00,11296,closed fracture of cervical spine,,,,,,,,,,
S100.11,112617,closed fracture of atlas without spinal cord lesion,,,,,,,,,,
S100000,15613,closed fracture of unspecified cervical vertebra,,,,,,,,,,
S100100,5445,closed fracture atlas,,,,,,,,,,
S100111,42561,c1 vertebra closed fracture - no spinal cord lesion,,,,,,,,,,
S100200,16277,closed fracture axis,,,,,,,,,,
S100211,33967,c2 vertebra closed fracture without spinal cord lesion,,,,,,,,,,
S100300,60593,closed fracture of third cervical vertebra,,,,,,,,,,
S100311,52699,c3 vertebra closed fracture without spinal cord lesion,,,,,,,,,,
S100400,41548,closed fracture of fourth cervical vertebra,,,,,,,,,,
S100411,67358,c4 vertebra closed fracture without spinal cord lesion,,,,,,,,,,
S100500,27575,closed fracture of fifth cervical vertebra,,,,,,,,,,
S100511,34873,c5 vertebra closed fracture without spinal cord lesion,,,,,,,,,,
S100600,27654,closed fracture of sixth cervical vertebra,,,,,,,,,,
S100611,33503,c6 vertebra closed fracture without spinal cord lesion,,,,,,,,,,
S100700,24672,closed fracture of seventh cervical vertebra,,,,,,,,,,
S100711,38053,c7 vertebra closed fracture without spinal cord lesion,,,,,,,,,,
S100800,98393,"closed fracture atlas, isolated arch or articular process",,,,,,,,,,
S100900,69974,"closed fracture atlas, comminuted",,,,,,,,,,
S100A00,39887,"closed fracture axis, odontoid process",,,,,,,,,,
S100B00,105702,"closed fracture axis, spondylolysis",,,,,,,,,,
S100C00,42149,"closed fracture axis, spinous process",,,,,,,,,,
S100D00,94292,"closed fracture axis, transverse process",,,,,,,,,,
S100E00,95006,"closed fracture axis, posterior arch",,,,,,,,,,
S100G00,67973,"closed fracture cervical vertebra, burst",,,,,,,,,,
S100H00,53337,"closed fracture cervical vertebra, wedge",,,,,,,,,,
S100J00,95620,"closed fracture cervical vertebra, spondylolysis",,,,,,,,,,
S100K00,54299,"closed fracture cervical vertebra, spinous process",,,,,,,,,,
S100L00,64297,"closed fracture cervical vertebra, transverse process",,,,,,,,,,
S100M00,95513,"closed fracture cervical vertebra, posterior arch",,,,,,,,,,
S100x00,55346,multiple closed fractures of cervical vertebrae,,,,,,,,,,
S100z00,41930,closed fracture of cervical spine not otherwise specified,,,,,,,,,,
S101.00,55627,open fracture of cervical spine,,,,,,,,,,
S101000,101574,open fracture of unspecified cervical vertebra,,,,,,,,,,
S101100,69645,open fracture atlas,,,,,,,,,,
S101111,69098,c1 vertebra open fracture without spinal cord lesion,,,,,,,,,,
S101200,53976,open fracture axis,,,,,,,,,,
S101211,97120,c2 vertebra open fracture without spinal cord lesion,,,,,,,,,,
S101311,60382,c3 vertebra open fracture without spinal cord lesion,,,,,,,,,,
S101400,114569,open fracture of fourth cervical vertebra,,,,,,,,,,
S101411,112794,c4 vertebra open fracture without spinal cord lesion,,,,,,,,,,
S101500,24671,open fracture of fifth cervical vertebra,,,,,,,,,,
S101511,99151,c5 vertebra open fracture without spinal cord lesion,,,,,,,,,,
S101600,65300,open fracture of sixth cervical vertebra,,,,,,,,,,
S101611,62719,c6 vertebra open fracture without spinal cord lesion,,,,,,,,,,
S101700,112983,open fracture of seventh cervical vertebra,,,,,,,,,,
S101711,59996,c7 vertebra open fracture without spinal cord lesion,,,,,,,,,,
S101900,110732,"open fracture atlas, comminuted",,,,,,,,,,
S101A00,94844,"open fracture axis, odontoid process",,,,,,,,,,
S101B00,113882,"open fracture axis, spondylolysis",,,,,,,,,,
S101D00,112905,"open fracture axis, transverse process",,,,,,,,,,
S101x00,72617,multiple open fractures of cervical vertebrae,,,,,,,,,,
S102.00,27404,closed fracture thoracic vertebra,,,,,,,,,,
S102000,39816,"closed fracture thoracic vertebra, burst",,,,,,,,,,
S102100,28524,"closed fracture thoracic vertebra, wedge",,,,,,,,,,
S102200,96659,"closed fracture thoracic vertebra, spondylolysis",,,,,,,,,,
S102300,64872,"closed fracture thoracic vertebra, spinous process",,,,,,,,,,
S102400,48886,"closed fracture thoracic vertebra, transverse process",,,,,,,,,,
S102500,99516,"closed fracture thoracic vertebra, posterior arch",,,,,,,,,,
S102y00,11770,other specified closed fracture thoracic vertebra,,,,,,,,,,
S102z00,41138,closed fracture thoracic vertebra not otherwise specified,,,,,,,,,,
S103.00,63253,open fracture thoracic vertebra,,,,,,,,,,
S103100,62047,"open fracture thoracic vertebra, wedge",,,,,,,,,,
S103500,101318,"open fracture thoracic vertebra, posterior arch",,,,,,,,,,
S104.00,3888,closed fracture lumbar vertebra,,,,,,,,,,
S104000,42968,"closed fracture lumbar vertebra, burst",,,,,,,,,,
S104100,8266,"closed fracture lumbar vertebra, wedge",,,,,,,,,,
S104200,61150,"closed fracture lumbar vertebra, spondylolysis",,,,,,,,,,
S104300,35096,"closed fracture lumbar vertebra, spinous process",,,,,,,,,,
S104400,29089,"closed fracture lumbar vertebra, transverse process",,,,,,,,,,
S104500,95842,"closed fracture lumbar vertebra, posterior arch",,,,,,,,,,
S104600,95585,"closed fracture lumbar vertebra, tricolumnar",,,,,,,,,,
S105.00,42780,open fracture lumbar vertebra,,,,,,,,,,
S105000,73601,"open fracture lumbar vertebra, burst",,,,,,,,,,
S105100,65302,"open fracture lumbar vertebra, wedge",,,,,,,,,,
S105400,105695,"open fracture lumbar vertebra, transverse process",,,,,,,,,,
S106.00,15877,closed fracture sacrum,,,,,,,,,,
S106000,72404,closed compression fracture sacrum,,,,,,,,,,
S106100,72600,closed vertical fracture of sacrum,,,,,,,,,,
S107.00,66434,open fracture sacrum,,,,,,,,,,
S107000,105935,open compression fracture sacrum,,,,,,,,,,
S107100,97354,open vertical fracture of sacrum,,,,,,,,,,
S108.00,14834,"closed fracture pelvis, coccyx",,,,,,,,,,
S109.00,55280,"open fracture pelvis, coccyx",,,,,,,,,,
S10A.00,3288,fracture of neck,,,,,,,,,,
S10A000,28133,fracture of first cervical vertebra,,,,,,,,,,
S10A100,34403,fracture of second cervical vertebra,,,,,,,,,,
S10A200,19189,multiple fractures of cervical spine,,,,,,,,,,
S10B.00,12406,fracture of lumbar spine and pelvis,,,,,,,,,,
S10B000,10990,fracture of lumbar vertebra,,,,,,,,,,
S10B100,3675,fracture of sacrum,,,,,,,,,,
S10B200,835,fracture of coccyx,,,,,,,,,,
S10B300,27922,fracture of ilium,,,,,,,,,,
S10B400,9072,fracture of acetabulum,,,,,,,,,,
S10B500,2328,fracture of pubis,,,,,,,,,,
S10B600,8613,multiple fractures of lumbar spine and pelvis,,,,,,,,,,
S10x.00,3573,"closed fracture of spine, unspecified,",,,,,,,,,,
S10y.00,66164,"open fracture of spine, unspecified,",,,,,,,,,,
S10z.00,34166,fracture of spine without mention of spinal cord lesion nos,,,,,,,,,,
S11..00,32063,fracture of spine with spinal cord lesion,,,,,,,,,,
S11..11,72324,fracture of transverse process of spine + spinal cord lesion,,,,,,,,,,
S11..12,43786,fracture of vertebra with spinal cord lesion,,,,,,,,,,
S110.00,52300,closed fracture of cervical spine with cord lesion,,,,,,,,,,
S110000,62337,"cls spinal fracture with unspec cervical cord lesion, c1-4",,,,,,,,,,
S110100,109377,"cls spinal fracture with complete cervcl cord lesion, c1-4",,,,,,,,,,
S110400,114662,"cls spinal fracture with posterior cervcl cord lesion, c1-4",,,,,,,,,,
S110600,72711,"cls spinal fracture with unspec cervical cord lesion, c5-7",,,,,,,,,,
S110700,102735,"cls spinal fracture with complete cervcl cord lesion, c5-7",,,,,,,,,,
S110800,96514,"cls spinal fracture with anterior cervcl cord lesion, c5-7",,,,,,,,,,
S110z00,73416,closed fracture of cervical spine with cord lesion nos,,,,,,,,,,
S111.00,69432,open fracture of cervical spine with spinal cord lesion,,,,,,,,,,
S112.00,35849,closed fracture of thoracic spine with spinal cord lesion,,,,,,,,,,
S112000,108484,"cls spinal fracture with unspec thoracic cord lesion,t1-6",,,,,,,,,,
S112100,48958,"cls spinal fracture wth complete thoracic cord lesion,t1-6",,,,,,,,,,
S112600,43091,"cls spinal fracture with unspec thoracic cord lesion, t7-12",,,,,,,,,,
S112700,31545,"cls spinal fracture with complete thorac cord lesion, t7-12",,,,,,,,,,
S112800,114382,"cls spinal fracture with anterior thorac cord lesion, t7-12",,,,,,,,,,
S112900,113268,"cls spinal fracture with central thoracid cord lesion, t7-12",,,,,,,,,,
S112A00,102043,"cls spinal fracture with posterior thorac cord lesion, t7-12",,,,,,,,,,
S112z00,73611,closed fracture of thoracic spine with cord lesion nos,,,,,,,,,,
S113.00,60615,open fracture of thoracic spine with spinal cord lesion,,,,,,,,,,
S113000,101299,"opn spinal fracture with unspec thoracic cord lesion, t1-6",,,,,,,,,,
S113600,114268,"opn spinal fracture with unspec thoracic cord lesion, t7-12",,,,,,,,,,
S113A00,104755,"opn spinal fracture with posterior thorac cord lesion, t7-12",,,,,,,,,,
S114.00,44059,closed fracture of lumbar spine with spinal cord lesion,,,,,,,,,,
S114000,49567,closed spinal fracture with unspecified lumbar cord lesion,,,,,,,,,,
S114100,95529,closed spinal fracture with complete lumbar cord lesion,,,,,,,,,,
S114500,73788,closed spinal fracture with cauda equina lesion,,,,,,,,,,
S115.00,94189,open fracture of lumbar spine with spinal cord lesion,,,,,,,,,,
S116.00,57444,closed fracture of sacrum with spinal cord lesion,,,,,,,,,,
S116z00,99376,closed fracture of sacrum with spinal cord lesion nos,,,,,,,,,,
S117.00,96473,open fracture of sacrum with spinal cord lesion,,,,,,,,,,
S117300,94584,open fracture of sacrum with other spinal cord injury,,,,,,,,,,
S118.00,51018,closed fracture of coccyx with spinal cord lesion,,,,,,,,,,
S118200,113065,closed fracture of coccyx with other cauda equina injury,,,,,,,,,,
S118300,113600,closed fracture of coccyx with other spinal cord injury,,,,,,,,,,
S118z00,101517,closed fracture of coccyx with spinal cord lesion nos,,,,,,,,,,
S11x.00,30956,closed fracture of spine with spinal cord lesion unspecified,,,,,,,,,,
S11z.00,55195,fracture of spine with spinal cord lesion nos,,,,,,,,,,
S12..00,56961,"fracture of rib(s), sternum, larynx and trachea",,,,,,,,,,
S120.00,280,closed fracture rib,,,,,,,,,,
S120000,7831,"closed fracture of rib, unspecified",,,,,,,,,,
S120100,16494,closed fracture of one rib,,,,,,,,,,
S120200,40533,closed fracture of two ribs,,,,,,,,,,
S120300,56384,closed fracture of three ribs,,,,,,,,,,
S120400,34197,closed fracture of four ribs,,,,,,,,,,
S120500,55424,closed fracture of five ribs,,,,,,,,,,
S120600,65484,closed fracture of six ribs,,,,,,,,,,
S120700,90494,closed fracture of seven ribs,,,,,,,,,,
S120800,68652,closed fracture of eight or more ribs,,,,,,,,,,
S120900,11004,closed fracture multiple ribs,,,,,,,,,,
S120A00,8968,cough fracture,,,,,,,,,,
S120z00,28244,closed fracture of rib(s) nos,,,,,,,,,,
S121.00,48224,open fracture rib,,,,,,,,,,
S121000,73613,"open fracture of rib, unspecified",,,,,,,,,,
S121100,112701,open fracture of one rib,,,,,,,,,,
S121200,44826,open fracture of two ribs,,,,,,,,,,
S121400,113739,open fracture of four ribs,,,,,,,,,,
S121700,73956,open fracture of seven ribs,,,,,,,,,,
S121900,71452,open fracture multiple ribs,,,,,,,,,,
S121z00,101560,open fracture of rib(s) nos,,,,,,,,,,
S122.00,3983,closed fracture sternum,,,,,,,,,,
S123.00,63982,open fracture sternum,,,,,,,,,,
S125.00,71567,closed fracture larynx and trachea,,,,,,,,,,
S125000,40394,closed fracture larynx,,,,,,,,,,
S125100,40078,closed fracture of hyoid bone,,,,,,,,,,
S125300,54855,closed fracture of trachea,,,,,,,,,,
S126100,96643,open fracture of hyoid bone,,,,,,,,,,
S126300,94108,open fracture of trachea,,,,,,,,,,
S127.00,9688,fracture of rib,,,,,,,,,,
S127000,10696,multiple fractures of ribs,,,,,,,,,,
S127100,28538,cough fracture of ribs,,,,,,,,,,
S128.00,11969,fracture of sternum,,,,,,,,,,
S12X.00,54353,"fracture of bony thorax, part unspecified",,,,,,,,,,
S12X000,58190,closed fracture of bony thorax part unspecified,,,,,,,,,,
S12y.00,99895,fracture of other parts of bony thorax,,,,,,,,,,
S12y000,95839,closed fracture of other parts of bony thorax,,,,,,,,,,
S12z.00,45723,"fracture of rib(s), sternum, larynx or trachea nos",,,,,,,,,,
S12z.11,11378,rib fracture nos,,,,,,,,,,
S12z.12,27818,sternum fracture nos,,,,,,,,,,
S13..00,738,fracture or disruption of pelvis,,,,,,,,,,
S130.00,1591,closed fracture acetabulum,,,,,,,,,,
S130000,72525,"closed fracture acetabulum, anterior lip alone",,,,,,,,,,
S130100,94649,"closed fracture acetabulum, posterior lip alone",,,,,,,,,,
S130200,73479,"closed fracture acetabulum, anterior column",,,,,,,,,,
S130300,57923,"closed fracture acetabulum, posterior column",,,,,,,,,,
S130400,69418,"closed fracture acetabulum, floor",,,,,,,,,,
S130600,98267,"closed fracture acetabulum, double column unspecified",,,,,,,,,,
S130y00,59904,other specified closed fracture acetabulum,,,,,,,,,,
S130z00,45527,closed fracture acetabulum nos,,,,,,,,,,
S131.00,53566,open fracture acetabulum,,,,,,,,,,
S131y00,62562,other specified open fracture acetabulum,,,,,,,,,,
S131z00,64777,open fracture acetabulum nos,,,,,,,,,,
S132.00,5302,closed fracture pubis,,,,,,,,,,
S132000,7004,"closed fracture pelvis, single pubic ramus",,,,,,,,,,
S132100,6667,"closed fracture pelvis, multiple pubic rami - stable",,,,,,,,,,
S132200,46592,"closed fracture pelvis, multiple pubic rami - unstable",,,,,,,,,,
S132y00,38895,other specified closed fracture pubis,,,,,,,,,,
S132z00,28702,closed fracture pubis nos,,,,,,,,,,
S133.00,50749,open fracture of pubis,,,,,,,,,,
S133000,34685,"open fracture pelvis, single pubic ramus",,,,,,,,,,
S133100,51038,"open fracture pelvis, multiple pubic rami - stable",,,,,,,,,,
S133200,101447,"open fracture pelvis, multiple pubic rami - unstable",,,,,,,,,,
S133y00,94127,other specified open fracture of pubis,,,,,,,,,,
S133z00,70674,open fracture of pubis nos,,,,,,,,,,
S134.00,33961,other or multiple closed fracture of pelvis,,,,,,,,,,
S134000,40643,"closed fracture of ilium, unspecified",,,,,,,,,,
S134100,34708,"closed fracture pelvis, ischium",,,,,,,,,,
S134300,41698,"closed fracture pelvis, ischial tuberosity",,,,,,,,,,
S134400,28234,"closed fracture pelvis, anterior superior iliac spine",,,,,,,,,,
S134500,40587,"closed fracture pelvis, anterior inferior iliac spine",,,,,,,,,,
S134600,27854,"closed fracture pelvis, iliac wing",,,,,,,,,,
S134700,52470,closed vertical fracture of ilium,,,,,,,,,,
S134z00,11639,other or multiple closed fracture of pelvis nos,,,,,,,,,,
S135.00,65084,other or multiple open fracture of pelvis,,,,,,,,,,
S135000,96984,"open fracture of ilium, unspecified",,,,,,,,,,
S135100,108000,"open fracture pelvis, ischium",,,,,,,,,,
S135300,68763,"open fracture pelvis, ischial tuberosity",,,,,,,,,,
S135400,43448,"open fracture pelvis, anterior superior iliac spine",,,,,,,,,,
S135500,112187,"open fracture pelvis, anterior inferior iliac spine",,,,,,,,,,
S135600,67669,"open fracture pelvis, iliac wing",,,,,,,,,,
S135y00,99203,other open fracture of pelvis,,,,,,,,,,
S135z00,35018,other/multiple open fracture of pelvis nos,,,,,,,,,,
S13y.00,28375,closed fracture of pelvis nos,,,,,,,,,,
S13z.00,64139,open fracture of pelvis nos,,,,,,,,,,
S14..00,63242,fracture of ill-defined bones of trunk,,,,,,,,,,
S140.00,60608,closed fracture of ill-defined bone of trunk,,,,,,,,,,
S14z.00,57981,fracture of ill-defined bone of trunk nos,,,,,,,,,,
S15..00,5381,fracture of thoracic vertebra,,,,,,,,,,
S150.00,11277,multiple fractures of thoracic spine,,,,,,,,,,
S150000,35260,closed multiple fractures of thoracic spine,,,,,,,,,,
S150100,66322,open multiple fracture of thoracic spine,,,,,,,,,,
S1z..00,25284,fracture of neck and trunk nos,,,,,,,,,,
S2...00,6195,fracture of upper limb,,,,,,,,,,
S2...11,5929,arm fracture,,,,,,,,,,
S20..00,483,fracture of clavicle,,,,,,,,,,
S20..11,4211,collar bone fracture,,,,,,,,,,
S200.00,33749,closed fracture of clavicle,,,,,,,,,,
S200000,44715,"closed fracture of clavicle, unspecified part",,,,,,,,,,
S200100,44711,"closed fracture clavicle, medial end",,,,,,,,,,
S200200,28307,"closed fracture clavicle, shaft",,,,,,,,,,
S200300,29899,"closed fracture clavicle, lateral end",,,,,,,,,,
S200z00,28179,closed fracture of clavicle nos,,,,,,,,,,
S201.00,61812,open fracture of clavicle,,,,,,,,,,
S201000,70864,"open fracture of clavicle, unspecified part",,,,,,,,,,
S201100,100040,"open fracture clavicle, medial end",,,,,,,,,,
S201200,17956,"open fracture clavicle, shaft",,,,,,,,,,
S201300,68556,"open fracture clavicle, lateral end",,,,,,,,,,
S201z00,94460,open fracture of clavicle nos,,,,,,,,,,
S20z.00,28066,fracture of clavicle nos,,,,,,,,,,
S21..00,1177,fracture of scapula,,,,,,,,,,
S21..11,10735,shoulder blade fracture,,,,,,,,,,
S210.00,27620,closed fracture of scapula,,,,,,,,,,
S210000,38028,"closed fracture of scapula, unspecified part",,,,,,,,,,
S210100,16389,"closed fracture scapula, acromion",,,,,,,,,,
S210200,34907,"closed fracture scapula, coracoid",,,,,,,,,,
S210300,4029,"closed fracture scapula, glenoid",,,,,,,,,,
S210400,5344,"closed fracture scapula, blade",,,,,,,,,,
S210500,48859,"closed fracture scapula, spine",,,,,,,,,,
S210600,36332,"closed fracture scapula, neck",,,,,,,,,,
S210z00,57592,closed fracture of scapula nos,,,,,,,,,,
S211.00,35386,open fracture of scapula,,,,,,,,,,
S211000,73768,"open fracture of scapula, unspecified part",,,,,,,,,,
S211100,55687,"open fracture scapula, acromion",,,,,,,,,,
S211200,64021,"open fracture scapula, coracoid",,,,,,,,,,
S211300,60108,"open fracture scapula, glenoid",,,,,,,,,,
S211400,73109,"open fracture scapula, blade",,,,,,,,,,
S211600,71953,"open fracture scapula, neck",,,,,,,,,,
S211z00,94435,open fracture of scapula nos,,,,,,,,,,
S21z.00,33870,fracture of scapula nos,,,,,,,,,,
S22..00,517,fracture of humerus,,,,,,,,,,
S220.00,11222,closed fracture of the proximal humerus,,,,,,,,,,
S220000,44721,"closed fracture of proximal humerus, unspecified part",,,,,,,,,,
S220100,11313,"closed fracture proximal humerus, neck",,,,,,,,,,
S220200,33489,"closed fracture of proximal humerus, anatomical neck",,,,,,,,,,
S220300,11044,"closed fracture proximal humerus, greater tuberosity",,,,,,,,,,
S220400,28739,"closed fracture proximal humerus, head",,,,,,,,,,
S220500,52406,"closed fracture of humerus, upper epiphysis",,,,,,,,,,
S220600,40330,"closed fracture proximal humerus, three part",,,,,,,,,,
S220700,29137,"closed fracture proximal humerus, four part",,,,,,,,,,
S220z00,38353,closed fracture of proximal humerus not otherwise specified,,,,,,,,,,
S221.00,9420,open fracture of the proximal humerus,,,,,,,,,,
S221.11,10622,shoulder fracture - open,,,,,,,,,,
S221000,53688,"open fracture of proximal humerus, unspecified part",,,,,,,,,,
S221100,53622,"open fracture proximal humerus, neck",,,,,,,,,,
S221200,71207,"open fracture of proximal humerus, anatomical neck",,,,,,,,,,
S221300,48239,"open fracture proximal humerus, greater tuberosity",,,,,,,,,,
S221400,70486,"open fracture proximal humerus, head",,,,,,,,,,
S221500,59943,"open fracture of humerus, upper epiphysis",,,,,,,,,,
S221600,70604,"open fracture proximal humerus, three part",,,,,,,,,,
S221700,70653,"open fracture proximal humerus, four part",,,,,,,,,,
S221z00,45275,open fracture of proximal humerus not otherwise specified,,,,,,,,,,
S222.00,36464,"closed fracture of humerus, shaft or unspecified part",,,,,,,,,,
S222000,19186,closed fracture of humerus nos,,,,,,,,,,
S222100,27886,"closed fracture of humerus, shaft",,,,,,,,,,
S222z00,61378,"closed fracture of humerus, shaft or unspecified part nos",,,,,,,,,,
S223.00,33680,"open fracture of humerus, shaft or unspecified part",,,,,,,,,,
S223000,48961,open fracture of humerus nos,,,,,,,,,,
S223100,40358,"open fracture of humerus, shaft",,,,,,,,,,
S223z00,73426,"open fracture of humerus, shaft or unspecified part nos",,,,,,,,,,
S224.00,15376,closed fracture of the distal humerus,,,,,,,,,,
S224.11,1250,elbow fracture - closed,,,,,,,,,,
S224000,33720,"closed fracture of elbow, unspecified part",,,,,,,,,,
S224100,6893,"closed fracture distal humerus, supracondylar",,,,,,,,,,
S224200,18394,"closed fracture distal humerus, lateral condyle",,,,,,,,,,
S224300,40367,"closed fracture distal humerus, medial condyle",,,,,,,,,,
S224400,32348,"closed fracture of distal humerus, condyle(s) unspecified",,,,,,,,,,
S224500,52083,"closed fracture of distal humerus, trochlea",,,,,,,,,,
S224600,8661,"closed fracture distal humerus, lateral epicondyle",,,,,,,,,,
S224700,28724,"closed fracture distal humerus, medial epicondyle",,,,,,,,,,
S224800,28393,"closed fracture distal humerus, capitellum",,,,,,,,,,
S224900,53677,"closed fracture distal humerus, bicondylar (t-y fracture)",,,,,,,,,,
S224x00,62833,"closed fracture of distal humerus, multiple",,,,,,,,,,
S224z00,33540,"closed fracture of distal humerus, not otherwise specified",,,,,,,,,,
S225.00,34172,open fracture of the distal humerus,,,,,,,,,,
S225.11,7754,elbow fracture - open,,,,,,,,,,
S225000,44142,"open fracture of elbow, unspecified part",,,,,,,,,,
S225100,31760,"open fracture distal humerus, supracondylar",,,,,,,,,,
S225200,60163,"open fracture distal humerus, lateral condyle",,,,,,,,,,
S225300,69312,"open fracture distal humerus, medial condyle",,,,,,,,,,
S225400,86803,"open fracture of distal humerus, condyle(s) unspecified",,,,,,,,,,
S225500,63899,"open fracture of distal humerus, trochlea",,,,,,,,,,
S225600,48217,"open fracture distal humerus, lateral epicondyle",,,,,,,,,,
S225700,16866,"open fracture distal humerus, medial epicondyle",,,,,,,,,,
S225800,32646,"open fracture distal humerus, capitellum",,,,,,,,,,
S225900,97820,"open fracture distal humerus, bicondylar (t-y fracture)",,,,,,,,,,
S225x00,99325,"open fracture of distal humerus, multiple",,,,,,,,,,
S225z00,47839,"open fracture of distal humerus, not otherwise specified",,,,,,,,,,
S226.00,2101,fracture of upper end of humerus,,,,,,,,,,
S227.00,30659,fracture of shaft of humerus,,,,,,,,,,
S228.00,1548,fracture of lower end of humerus,,,,,,,,,,
S22z.00,10382,fracture of humerus nos,,,,,,,,,,
S23..00,6825,fracture of radius and ulna,,,,,,,,,,
S23..11,10640,forearm fracture,,,,,,,,,,
S230.00,43570,closed fracture of proximal radius and ulna,,,,,,,,,,
S230000,33933,"closed fracture of proximal forearm, unspecified part",,,,,,,,,,
S230100,9538,"closed fracture olecranon, extra-articular",,,,,,,,,,
S230200,17822,"closed fracture of ulna, coronoid",,,,,,,,,,
S230300,2662,closed monteggia's fracture,,,,,,,,,,
S230400,34371,"closed fracture of proximal ulna, comminuted",,,,,,,,,,
S230500,34426,closed fracture of the proximal ulna,,,,,,,,,,
S230600,7009,"closed fracture radius, head",,,,,,,,,,
S230700,7660,"closed fracture radius, neck",,,,,,,,,,
S230800,34370,"closed fracture proximal radius, comminuted",,,,,,,,,,
S230900,33883,closed fracture of the proximal radius,,,,,,,,,,
S230A00,44538,"closed fracture radius and ulna, proximal",,,,,,,,,,
S230B00,12063,"closed fracture olecranon, intra-articular",,,,,,,,,,
S230z00,42957,closed fracture of proximal forearm not otherwise specified,,,,,,,,,,
S231.00,45695,open fracture of proximal radius and ulna,,,,,,,,,,
S231000,50223,"open fracture of proximal forearm, unspecified",,,,,,,,,,
S231100,29152,"open fracture olecranon, extra-articular",,,,,,,,,,
S231200,52614,"open fracture of ulna, coronoid",,,,,,,,,,
S231300,10246,open monteggia's fracture,,,,,,,,,,
S231400,112944,"open fracture proximal ulna, comminuted",,,,,,,,,,
S231500,61374,open fracture of the proximal ulna,,,,,,,,,,
S231600,7636,open fracture radial head,,,,,,,,,,
S231700,34737,open fracture radial neck,,,,,,,,,,
S231800,72408,"open fracture proximal radius, comminuted",,,,,,,,,,
S231900,63948,open fracture of the proximal radius,,,,,,,,,,
S231A00,37875,"open fracture radius and ulna, proximal",,,,,,,,,,
S231B00,8410,"open fracture olecranon, intra-articular",,,,,,,,,,
S231z00,55201,"open fracture of forearm, upper end, nos",,,,,,,,,,
S232.00,26324,"closed fracture of radius and ulna, shaft",,,,,,,,,,
S232000,51364,"closed fracture of radius, shaft, unspecified",,,,,,,,,,
S232100,42864,closed fracture of the radial shaft,,,,,,,,,,
S232200,44790,closed fracture of the ulnar shaft,,,,,,,,,,
S232300,35031,"closed fracture radius and ulna, middle",,,,,,,,,,
S232z00,33808,"closed fracture of radius and ulna, shaft, nos",,,,,,,,,,
S233.00,3748,"open fracture of radius and ulna, shaft",,,,,,,,,,
S233000,60518,"open fracture of radius, shaft, unspecified",,,,,,,,,,
S233100,66233,open fracture of the radial shaft,,,,,,,,,,
S233200,70503,open fracture of the ulnar shaft,,,,,,,,,,
S233300,48245,"open fracture radius and ulna, middle",,,,,,,,,,
S233z00,27784,"open fracture of radius and ulna, shaft, nos",,,,,,,,,,
S234.00,18299,"closed fracture of radius and ulna, lower end",,,,,,,,,,
S234.11,203,wrist fracture - closed,,,,,,,,,,
S234000,18389,"closed fracture of forearm, lower end, unspecified",,,,,,,,,,
S234100,343,closed colles' fracture,,,,,,,,,,
S234111,52389,smith's fracture - closed,,,,,,,,,,
S234200,1742,"closed fracture of the distal radius, unspecified",,,,,,,,,,
S234211,23987,"dupuytren's fracture, radius - closed",,,,,,,,,,
S234300,9165,"closed fracture of ulna, styloid process",,,,,,,,,,
S234400,42076,"closed fracture of ulna, lower epiphysis",,,,,,,,,,
S234500,40476,"closed fracture distal ulna, unspecified",,,,,,,,,,
S234600,28708,"closed fracture radius and ulna, distal",,,,,,,,,,
S234700,2862,closed smith's fracture,,,,,,,,,,
S234800,40268,closed galeazzi fracture,,,,,,,,,,
S234900,11066,closed volar barton's fracture,,,,,,,,,,
S234A00,50053,closd dorsal barton's fracture,,,,,,,,,,
S234B00,6915,closed fracture radial styloid,,,,,,,,,,
S234C00,44844,"closed fracture distal radius, intra-articular, die-punch",,,,,,,,,,
S234D00,19058,"closed fracture distal radius, extra-articular, other type",,,,,,,,,,
S234E00,28293,"closed fracture distal radius, intra-articular, other type",,,,,,,,,,
S234F00,10033,closed barton's fracture,,,,,,,,,,
S234G00,102302,greenstick fracture of distal radius,,,,,,,,,,
S234z00,27591,"closed fracture of forearm, lower end, nos",,,,,,,,,,
S235.00,27590,"open fracture of radius and ulna, lower end",,,,,,,,,,
S235.11,10022,wrist fracture - open,,,,,,,,,,
S235000,60630,"open fracture of forearm, lower end, unspecified",,,,,,,,,,
S235100,6074,open colles' fracture,,,,,,,,,,
S235111,98681,smith's fracture - open,,,,,,,,,,
S235200,44924,"open fracture of the distal radius, unspecified",,,,,,,,,,
S235211,105278,"dupuytren's fracture, radius - open",,,,,,,,,,
S235300,11262,"open fracture of ulna, styloid process",,,,,,,,,,
S235400,96691,"open fracture of ulna, lower epiphysis",,,,,,,,,,
S235500,49796,open fracture distal ulna - other,,,,,,,,,,
S235600,38398,"open fracture radius and ulna, distal",,,,,,,,,,
S235700,34730,open smith's fracture,,,,,,,,,,
S235800,30418,open galeazzi fracture,,,,,,,,,,
S235900,61675,open volar barton's fracture,,,,,,,,,,
S235A00,111858,open dorsal barton's fracture,,,,,,,,,,
S235B00,6380,open fracture radial styloid,,,,,,,,,,
S235C00,104070,"open fracture distal radius, intra-articular, die-punch",,,,,,,,,,
S235D00,53698,"open fracture distal radius, extra-articular other type",,,,,,,,,,
S235E00,63588,"open fracture distal radius, intra-articular other type",,,,,,,,,,
S235F00,18301,open barton's fracture,,,,,,,,,,
S235z00,66774,"open fracture of forearm, lower end, nos",,,,,,,,,,
S236.00,33404,fracture of upper end of ulna,,,,,,,,,,
S237.00,2303,fracture of upper end of radius,,,,,,,,,,
S238.00,8382,fracture of shaft of ulna,,,,,,,,,,
S239.00,7988,fracture of shaft of radius,,,,,,,,,,
S23A.00,10149,fracture of shafts of both ulna and radius,,,,,,,,,,
S23B.00,199,fracture of lower end of radius,,,,,,,,,,
S23C.00,6213,fracture of lower end of both ulna and radius,,,,,,,,,,
S23x.00,15764,"closed fracture of radius and ulna, unspecified part",,,,,,,,,,
S23x000,50654,"closed fracture of forearm, unspecified",,,,,,,,,,
S23x100,17952,"closed fracture of radius (alone), unspecified",,,,,,,,,,
S23x111,137,fracture of radius nos,,,,,,,,,,
S23x200,24621,"closed fracture of ulna (alone), unspecified",,,,,,,,,,
S23x211,1073,fracture of ulna nos,,,,,,,,,,
S23x300,4359,closed fracture of the radius and ulna,,,,,,,,,,
S23xz00,36328,"closed fracture of radius and ulna, nos",,,,,,,,,,
S23y.00,54780,"open fracture of radius and ulna, unspecified part",,,,,,,,,,
S23y000,70590,"open fracture of forearm, unspecified",,,,,,,,,,
S23y100,34367,"open fracture of radius (alone), unspecified",,,,,,,,,,
S23y200,28741,"open fracture of ulna (alone), unspecified",,,,,,,,,,
S23y300,8704,open fracture of the radius and ulna,,,,,,,,,,
S23yz00,65301,"open fracture of radius and ulna, nos",,,,,,,,,,
S23z.00,909,"fracture of radius and ulna, nos",,,,,,,,,,
S24..00,22375,fracture of carpal bone,,,,,,,,,,
S24..11,10167,hand fracture - carpal bone,,,,,,,,,,
S240.00,15666,closed fracture of carpal bone,,,,,,,,,,
S240000,57979,"closed fracture of carpal bone, unspecified",,,,,,,,,,
S240100,6168,closed fracture of the scaphoid,,,,,,,,,,
S240200,10357,closed fracture lunate,,,,,,,,,,
S240300,28413,closed fracture triquetral,,,,,,,,,,
S240400,5354,closed fracture pisiform,,,,,,,,,,
S240500,26045,closed fracture trapezium,,,,,,,,,,
S240600,35837,closed fracture trapezoid,,,,,,,,,,
S240700,17606,closed fracture capitate,,,,,,,,,,
S240800,31999,closed fracture hamate,,,,,,,,,,
S240900,39458,"closed fracture hamate, hook",,,,,,,,,,
S240A00,16985,"closed fracture scaphoid, proximal pole",,,,,,,,,,
S240B00,19403,"closed fracture scaphoid, waist, transverse",,,,,,,,,,
S240C00,47837,"closed fracture scaphoid, waist, oblique",,,,,,,,,,
S240D00,44712,"closed fracture scaphoid, waist, comminuted",,,,,,,,,,
S240E00,28425,"closed fracture scaphoid, tuberosity",,,,,,,,,,
S240F00,73165,"closed fracture carpal bones, multiple",,,,,,,,,,
S240y00,56886,closed fracture of other carpal bone,,,,,,,,,,
S240z00,33929,closed fracture of carpal bone nos,,,,,,,,,,
S241.00,65141,open fracture of carpal bone,,,,,,,,,,
S241000,68085,"open fracture of carpal bone, unspecified",,,,,,,,,,
S241100,17286,open fracture of the scaphoid,,,,,,,,,,
S241200,68765,open fracture lunate,,,,,,,,,,
S241300,51666,open fracture triquetral,,,,,,,,,,
S241400,44156,open fracture pisiform,,,,,,,,,,
S241500,56311,open fracture trapezium,,,,,,,,,,
S241600,98933,open fracture trapezoid,,,,,,,,,,
S241700,64725,open fracture capitate,,,,,,,,,,
S241800,69213,open fracture hamate,,,,,,,,,,
S241900,110906,"open fracture hamate, hook",,,,,,,,,,
S241A00,55814,"open fracture scaphoid, proximal pole",,,,,,,,,,
S241B00,73824,"open fracture scaphoid, waist, transverse",,,,,,,,,,
S241C00,59985,"open fracture scaphoid, waist, oblique",,,,,,,,,,
S241D00,64575,"open fracture scaphoid, waist, comminuted",,,,,,,,,,
S241E00,49588,"open fracture scaphoid, tuberosity",,,,,,,,,,
S241z00,102013,open fracture of carpal bone nos,,,,,,,,,,
S242.00,8056,fracture at wrist and hand level,,,,,,,,,,
S242000,553,fracture of scaphoid,,,,,,,,,,
S242100,7564,fracture of first metacarpal bone,,,,,,,,,,
S242200,993,fracture of other metacarpal bone,,,,,,,,,,
S242300,4725,multiple fractures of metacarpal bones,,,,,,,,,,
S24z.00,43792,fracture of carpal bone nos,,,,,,,,,,
S25..00,2888,fracture of metacarpal bone,,,,,,,,,,
S25..11,2643,hand fracture - metacarpal bone,,,,,,,,,,
S250.00,6392,closed fracture of metacarpal bone(s),,,,,,,,,,
S250000,31525,"closed fracture of metacarpal bone (s), site unspecified",,,,,,,,,,
S250200,33905,closed fracture finger metacarpal base,,,,,,,,,,
S250300,25519,closed fracture finger metacarpal shaft,,,,,,,,,,
S250400,12546,closed fracture finger metacarpal neck,,,,,,,,,,
S250500,24598,closed fracture finger metacarpal head,,,,,,,,,,
S250600,27881,closed fracture finger metacarpal,,,,,,,,,,
S250700,52895,"closed fracture finger metacarpal, multiple",,,,,,,,,,
S250800,25811,closed fracture of thumb metacarpal,,,,,,,,,,
S250A00,50634,closed fracture thumb metacarpal shaft,,,,,,,,,,
S250B00,49598,closed fracture thumb metacarpal neck,,,,,,,,,,
S250C00,53650,closed fracture thumb metacarpal head,,,,,,,,,,
S250x00,21175,closed fractures of multiple sites of unspecified metacarpus,,,,,,,,,,
S250z00,6881,closed fracture of metacarpal bone(s) nos,,,,,,,,,,
S251.00,29111,open fracture of metacarpal bone(s),,,,,,,,,,
S251000,62853,"open fracture of metacarpal bone(s), site unspecified",,,,,,,,,,
S251200,73150,open fracture finger metacarpal base,,,,,,,,,,
S251300,52305,open fracture finger metacarpal shaft,,,,,,,,,,
S251400,52588,open fracture finger metacarpal neck,,,,,,,,,,
S251500,53693,open fracture finger metacarpal head,,,,,,,,,,
S251600,40361,open fracture finger metacarpal,,,,,,,,,,
S251700,72407,"open fracture finger metacarpal, multiple",,,,,,,,,,
S251800,60765,open fracture of thumb metacarpal,,,,,,,,,,
S251A00,98867,open fracture thumb metacarpal shaft,,,,,,,,,,
S251B00,112925,open fracture thumb metacarpal neck,,,,,,,,,,
S251C00,102225,open fracture thumb metacarpal head,,,,,,,,,,
S251x00,94393,open fractures of multiple sites of unspecified metacarpus,,,,,,,,,,
S251z00,47847,open fracture of metacarpal bone(s) nos,,,,,,,,,,
S252.00,7531,closed fracture sesamoid bone of hand,,,,,,,,,,
S253.00,52067,open fracture sesamoid bone of hand,,,,,,,,,,
S26..00,441,fracture of one or more phalanges of hand,,,,,,,,,,
S26..11,5260,finger fracture,,,,,,,,,,
S26..12,482,thumb fracture excluding base,,,,,,,,,,
S260.00,8302,closed fracture of one or more phalanges of hand,,,,,,,,,,
S260000,34058,"closed fracture of phalanx or phalanges, unspecified",,,,,,,,,,
S260300,33582,closed fracture thumb proximal phalanx,,,,,,,,,,
S260400,33678,"closed fracture thumb proximal phalanx, base",,,,,,,,,,
S260500,43681,"closed fracture thumb proximal phalanx, shaft",,,,,,,,,,
S260600,64027,"closed fracture thumb proximal phalanx, neck",,,,,,,,,,
S260700,33651,"closed fracture thumb proximal phalanx, head",,,,,,,,,,
S260800,28249,closed fracture thumb distal phalanx,,,,,,,,,,
S260900,34080,"closed fracture thumb distal phalanx, base",,,,,,,,,,
S260A00,62808,"closed fracture thumb distal phalanx, shaft",,,,,,,,,,
S260B00,42139,"closed fracture thumb distal phalanx, tuft",,,,,,,,,,
S260C00,61181,"closed fracture thumb distal phalanx, mallet",,,,,,,,,,
S260D00,24516,closed fracture finger proximal phalanx,,,,,,,,,,
S260E00,27699,"closed fracture finger proximal phalanx, base",,,,,,,,,,
S260F00,18338,"closed fracture finger proximal phalanx, shaft",,,,,,,,,,
S260G00,33679,"closed fracture finger proximal phalanx, neck",,,,,,,,,,
S260H00,44943,"closed fracture finger proximal phalanx, head",,,,,,,,,,
S260J00,44737,"closed fracture finger proximal phalanx, multiple",,,,,,,,,,
S260K00,33616,closed fracture finger middle phalanx,,,,,,,,,,
S260L00,33598,"closed fracture finger middle phalanx, base",,,,,,,,,,
S260M00,33757,"closed fracture finger middle phalanx, shaft",,,,,,,,,,
S260N00,34356,"closed fracture finger middle phalanx, neck",,,,,,,,,,
S260P00,34307,"closed fracture finger middle phalanx, head",,,,,,,,,,
S260Q00,67097,"closed fracture finger middle phalanx, multiple",,,,,,,,,,
S260R00,29117,closed fracture finger distal phalanx,,,,,,,,,,
S260S00,27643,"closed fracture finger distal phalanx, base",,,,,,,,,,
S260T00,33695,"closed fracture finger distal phalanx, shaft",,,,,,,,,,
S260U00,33845,"closed fracture finger distal phalanx, tuft",,,,,,,,,,
S260V00,52398,"closed fracture finger distal phalanx, mallet",,,,,,,,,,
S260W00,45094,"closed fracture finger distal phalanx, multiple",,,,,,,,,,
S260x00,45374,"closed fractures of phalanx or phalanges, multiple sites",,,,,,,,,,
S260z00,40535,closed fracture of one or more phalanges of hand nos,,,,,,,,,,
S261.00,18336,open fracture of one or more phalanges of hand,,,,,,,,,,
S261000,36556,"open fracture of phalanx or phalanges, unspecified",,,,,,,,,,
S261300,61279,open fracture thumb proximal phalanx,,,,,,,,,,
S261400,94031,"open fracture thumb proximal phalanx, base",,,,,,,,,,
S261500,94416,"open fracture thumb proximal phalanx, shaft",,,,,,,,,,
S261600,99397,"open fracture thumb proximal phalanx, neck",,,,,,,,,,
S261700,101316,"open fracture thumb proximal phalanx, head",,,,,,,,,,
S261800,37986,open fracture thumb distal phalanx,,,,,,,,,,
S261900,65731,"open fracture thumb distal phalanx, base",,,,,,,,,,
S261A00,65715,"open fracture thumb distal phalanx, shaft",,,,,,,,,,
S261B00,53593,"open fracture thumb distal phalanx, tuft",,,,,,,,,,
S261C00,103416,"open fracture thumb distal phalanx, mallet",,,,,,,,,,
S261D00,33684,open fracture finger proximal phalanx,,,,,,,,,,
S261E00,44700,"open fracture finger proximal phalanx, base",,,,,,,,,,
S261F00,62334,"open fracture finger proximal phalanx, shaft",,,,,,,,,,
S261G00,64113,"open fracture finger proximal phalanx, neck",,,,,,,,,,
S261H00,61529,"open fracture finger proximal phalanx, head",,,,,,,,,,
S261J00,69729,"open fracture finger proximal phalanx, multiple",,,,,,,,,,
S261K00,40304,open fracture finger middle phalanx,,,,,,,,,,
S261L00,67718,"open fracture finger middle phalanx, base",,,,,,,,,,
S261M00,33866,"open fracture finger middle phalanx, shaft",,,,,,,,,,
S261N00,69363,"open fracture finger middle phalanx, neck",,,,,,,,,,
S261P00,99459,"open fracture finger middle phalanx, head",,,,,,,,,,
S261Q00,112876,"open fracture finger middle phalanx, multiple",,,,,,,,,,
S261R00,28197,open fracture finger distal phalanx,,,,,,,,,,
S261S00,48837,"open fracture finger distal phalanx, base",,,,,,,,,,
S261T00,52333,"open fracture finger distal phalanx, shaft",,,,,,,,,,
S261U00,51700,"open fracture finger distal phalanx, tuft",,,,,,,,,,
S261V00,102046,"open fracture finger distal phalanx, mallet",,,,,,,,,,
S261W00,54123,"open fracture finger distal phalanx, multiple",,,,,,,,,,
S261x00,67011,"open fracture of phalanx or phalanges, multiple sites",,,,,,,,,,
S261z00,50781,open fracture of one or more phalanges of hand nos,,,,,,,,,,
S262.00,7500,fracture of thumb,,,,,,,,,,
S263.00,6299,fracture of other finger,,,,,,,,,,
S264.00,8199,multiple fractures of fingers,,,,,,,,,,
S26z.00,4582,fracture of one or more phalanges of hand nos,,,,,,,,,,
S27..00,33908,multiple fractures of hand bones,,,,,,,,,,
S270.00,44431,closed multiple fractures of hand bones,,,,,,,,,,
S271.00,33990,open multiple fractures of hand bones,,,,,,,,,,
S27z.00,53923,multiple fractures of hand bones nos,,,,,,,,,,
S28..00,49267,ill-defined fractures of upper limb,,,,,,,,,,
S28..11,1179,ill-defined fracture of arm,,,,,,,,,,
S280.00,47478,closed ill-defined fractures of upper limb,,,,,,,,,,
S281.00,66853,open ill-defined fractures of upper limb,,,,,,,,,,
S28z.00,2660,ill-defined fractures of upper limb nos,,,,,,,,,,
S29..11,31708,multiple fractures of arm,,,,,,,,,,
S29..12,17107,multiple rib fractures,,,,,,,,,,
S29..13,68899,multiple fractures of sternum,,,,,,,,,,
S292.00,16944,"multiple fractures of clavicle, scapula and humerus",,,,,,,,,,
S292000,40976,"closed multiple fractures of clavicle, scapula and humerus",,,,,,,,,,
S292100,66237,"open multiple fractures of clavicle, scapula and humerus",,,,,,,,,,
S293.00,8915,multiple fractures of forearm,,,,,,,,,,
S294.00,27605,fractures involving multiple regions of both upper limbs,,,,,,,,,,
S294000,95633,cl fractures involving multiple regions of both upper limbs,,,,,,,,,,
S2A..00,33882,"fracture of upper limb, level unspecified",,,,,,,,,,
S2B..00,12516,fracture of bone of hand,,,,,,,,,,
S2z..00,30076,fracture of upper limb nos,,,,,,,,,,
S3...00,8891,fracture of lower limb,,,,,,,,,,
S3...11,2603,leg fracture,,,,,,,,,,
S30..00,2225,fracture of neck of femur,,,,,,,,,,
S30..11,1994,hip fracture,,,,,,,,,,
S300.00,38489,"closed fracture proximal femur, transcervical",,,,,,,,,,
S300100,69919,"closed fracture proximal femur, transepiphyseal",,,,,,,,,,
S300200,65690,"closed fracture proximal femur, midcervical section",,,,,,,,,,
S300300,52194,"closed fracture proximal femur, basicervical",,,,,,,,,,
S300311,51861,"closed fracture, base of neck of femur",,,,,,,,,,
S300400,36391,closed fracture head of femur,,,,,,,,,,
S300600,34351,"closed fracture proximal femur, subcapital, garden grade i",,,,,,,,,,
S300700,33957,"closed fracture proximal femur, subcapital, garden grade ii",,,,,,,,,,
S300800,36599,"closed fracture proximal femur, subcapital, garden grade iii",,,,,,,,,,
S300900,34078,"closed fracture proximal femur, subcapital, garden grade iv",,,,,,,,,,
S300A00,45779,"closed fracture of femur, upper epiphysis",,,,,,,,,,
S300y00,49209,"closed fracture proximal femur, other transcervical",,,,,,,,,,
S300y11,68229,"closed fracture of femur, subcapital",,,,,,,,,,
S300z00,62966,"closed fracture proximal femur, transcervical, nos",,,,,,,,,,
S301.00,73981,"open fracture proximal femur, transcervical",,,,,,,,,,
S301100,72138,"open fracture proximal femur, transepiphyseal",,,,,,,,,,
S301200,112836,"open fracture proximal femur, midcervical section",,,,,,,,,,
S301300,113426,"open fracture proximal femur, basicervical",,,,,,,,,,
S301311,100771,open fracture base of neck of femur,,,,,,,,,,
S301400,73210,"open fracture head, femur",,,,,,,,,,
S301500,38878,"open fracture proximal femur,subcapital, garden grade unspec",,,,,,,,,,
S301600,60885,"open fracture proximal femur,subcapital, garden grade i",,,,,,,,,,
S301700,67394,"open fracture proximal femur,subcapital, garden grade ii",,,,,,,,,,
S301800,23803,"open fracture proximal femur,subcapital, garden grade iii",,,,,,,,,,
S301900,51999,"open fracture proximal femur,subcapital, garden grade iv",,,,,,,,,,
S301A00,96518,"open fracture of femur, upper epiphysis",,,,,,,,,,
S301y00,68668,"open fracture proximal femur, other transcervical",,,,,,,,,,
S301y11,73234,"open fracture of femur, subcapital",,,,,,,,,,
S301z00,112712,"open fracture proximal femur, transcervical, nos",,,,,,,,,,
S302.00,5301,"closed fracture of proximal femur, pertrochanteric",,,,,,,,,,
S302011,19387,"closed fracture of femur, greater trochanter",,,,,,,,,,
S302012,48337,"closed fracture of femur, lesser trochanter",,,,,,,,,,
S302100,45141,"closed fracture proximal femur, intertrochanteric, two part",,,,,,,,,,
S302200,29145,"closed fracture proximal femur, subtrochanteric",,,,,,,,,,
S302400,8648,"closed fracture of femur, intertrochanteric",,,,,,,,,,
S303.00,61733,"open fracture of proximal femur, pertrochanteric",,,,,,,,,,
S303011,96644,"open fracture of femur, greater trochanter",,,,,,,,,,
S303012,112991,"open fracture of femur, lesser trochanter",,,,,,,,,,
S303100,101567,"open fracture proximal femur, intertrochanteric, two part",,,,,,,,,,
S303200,71282,"open fracture proximal femur, subtrochanteric",,,,,,,,,,
S303300,97971,"open fracture proximal femur, intertrochanteric, comminuted",,,,,,,,,,
S303400,39396,"open fracture of femur, intertrochanteric",,,,,,,,,,
S303z00,70479,"open fracture of proximal femur, pertrochanteric, nos",,,,,,,,,,
S304.00,28965,pertrochanteric fracture,,,,,,,,,,
S305.00,8243,subtrochanteric fracture,,,,,,,,,,
S30w.00,24276,closed fracture of unspecified proximal femur,,,,,,,,,,
S30x.00,58642,open fracture of unspecified proximal femur,,,,,,,,,,
S30y.00,18273,closed fracture of neck of femur nos,,,,,,,,,,
S30y.11,10570,hip fracture nos,,,,,,,,,,
S30z.00,38054,open fracture of neck of femur nos,,,,,,,,,,
S31..00,8040,other fracture of femur,,,,,,,,,,
S310.00,6868,"closed fracture of femur, shaft or unspecified part",,,,,,,,,,
S310000,37662,"closed fracture of femur, unspecified part",,,,,,,,,,
S310011,12791,thigh fracture nos,,,,,,,,,,
S310012,20893,upper leg fracture nos,,,,,,,,,,
S310100,24674,closed fracture shaft of femur,,,,,,,,,,
S310z00,52318,"closed fracture of shaft or unspecified part, nos",,,,,,,,,,
S311.00,42972,"open fracture of femur, shaft or unspecified part",,,,,,,,,,
S311000,34106,"open fracture of femur, unspecified part",,,,,,,,,,
S311100,10095,open fracture shaft of femur,,,,,,,,,,
S311z00,94360,"open fracture of femur, shaft or unspecified part, nos",,,,,,,,,,
S312.00,28954,closed fracture distal femur,,,,,,,,,,
S312.11,22329,"closed fracture of femur, distal end",,,,,,,,,,
S312000,53279,"closed fracture of distal femur, unspecified",,,,,,,,,,
S312100,6320,"closed fracture of femoral condyle, unspecified",,,,,,,,,,
S312200,21922,"closed fracture of femur, lower epiphysis",,,,,,,,,,
S312300,5332,"closed fracture distal femur, supracondylar",,,,,,,,,,
S312400,45562,"closed fracture distal femur, medial condyle",,,,,,,,,,
S312500,38355,"closed fracture distal femur, lateral condyle",,,,,,,,,,
S312600,54242,"closed fracture distal femur, bicondylar (t-y fracture)",,,,,,,,,,
S312x00,55327,"closed fracture distal femur, comminuted/intra-articular",,,,,,,,,,
S312z00,61802,closed fracture of distal femur not otherwise specified,,,,,,,,,,
S313.00,51170,open fracture distal femur,,,,,,,,,,
S313.11,32866,"open fracture of femur, distal end",,,,,,,,,,
S313000,45529,"open fracture distal femur, unspecified",,,,,,,,,,
S313100,49595,"open fracture of femoral condyle, unspecified",,,,,,,,,,
S313200,48142,"open fracture of femur, lower epiphysis",,,,,,,,,,
S313300,42805,"open fracture distal femur, supracondylar",,,,,,,,,,
S313400,67294,"open fracture distal femur, medial condyle",,,,,,,,,,
S313500,34738,"open fracture distal femur, lateral condyle",,,,,,,,,,
S313600,113450,"open fracture distal femur, bicondylar (t-y fracture)",,,,,,,,,,
S313x00,73208,"open fracture distal femur, comminuted/intra-articular",,,,,,,,,,
S313z00,88737,open fracture of distal femur not otherwise specified,,,,,,,,,,
S314.00,8646,fracture of shaft of femur,,,,,,,,,,
S315.00,8589,fracture of lower end of femur,,,,,,,,,,
S31z.00,520,"fracture of femur, nos",,,,,,,,,,
S32..00,235,fracture of patella,,,,,,,,,,
S320.00,33393,closed fracture of the patella,,,,,,,,,,
S320000,49526,"closed fracture patella, transverse",,,,,,,,,,
S320100,50549,"closed fracture patella, proximal pole",,,,,,,,,,
S320200,44329,"closed fracture patella, distal pole",,,,,,,,,,
S320300,54660,"closed fracture patella, vertical",,,,,,,,,,
S320400,41287,"closed fracture patella, comminuted (stellate)",,,,,,,,,,
S321.00,28273,open fracture of the patella,,,,,,,,,,
S321000,50227,"open fracture patella, transverse",,,,,,,,,,
S321100,100159,"open fracture patella, proximal pole",,,,,,,,,,
S321200,33475,"open fracture patella, distal pole",,,,,,,,,,
S321300,114818,"open fracture patella, vertical",,,,,,,,,,
S321400,50254,"open fracture patella, comminuted (stellate)",,,,,,,,,,
S32z.00,35011,"fracture of patella, nos",,,,,,,,,,
S33..00,2630,fracture of tibia and fibula,,,,,,,,,,
S330.00,44830,"closed fracture of tibia and fibula, proximal",,,,,,,,,,
S330000,28550,closed fracture of the proximal tibia,,,,,,,,,,
S330011,53951,closed fracture of tibial condyles,,,,,,,,,,
S330012,22761,closed fracture of tibial tuberosity,,,,,,,,,,
S330100,33656,closed fracture proximal fibula,,,,,,,,,,
S330200,54280,"closed fracture of tibia and fibula, proximal",,,,,,,,,,
S330500,40164,"closed fracture proximal tibia, bicondylar",,,,,,,,,,
S330600,33768,"closed fracture spine, tibia",,,,,,,,,,
S330700,38733,"closed fracture tubercle, tibia",,,,,,,,,,
S330800,52499,"closed fracture fibula, head",,,,,,,,,,
S330900,52322,"closed fracture fibula, neck",,,,,,,,,,
S330z00,42978,"closed fracture of tibia and fibula, proximal nos",,,,,,,,,,
S331.00,40069,"open fracture of tibia and fibula, proximal",,,,,,,,,,
S331000,33706,open fracture of the proximal tibia,,,,,,,,,,
S331011,93029,open fracture of tibial condyles,,,,,,,,,,
S331012,49801,open fracture of tibial tuberosity,,,,,,,,,,
S331100,33457,open fracture proximal fibula,,,,,,,,,,
S331200,54145,"open fracture of tibia and fibula, proximal",,,,,,,,,,
S331500,112873,"open fracture proximal tibia, bicondylar",,,,,,,,,,
S331600,63633,"open fracture spine, tibia",,,,,,,,,,
S331700,49798,"open fracture tubercle, tibia",,,,,,,,,,
S331800,99027,"open fracture fibula, head",,,,,,,,,,
S331900,99161,"open fracture fibula, neck",,,,,,,,,,
S331z00,57439,"open fracture of tibia and fibula, proximal nos",,,,,,,,,,
S332.00,29121,"closed fracture of tibia/fibula, shaft",,,,,,,,,,
S332000,34021,closed fracture shaft of tibia,,,,,,,,,,
S332100,28426,closed fracture shaft of fibula,,,,,,,,,,
S332200,33520,"closed fracture of tibia and fibula, shaft",,,,,,,,,,
S332z00,55464,"closed fracture of tibia and fibula, shaft, nos",,,,,,,,,,
S333.00,28068,"open fracture of tibia/fibula, shaft",,,,,,,,,,
S333000,28118,open fracture shaft of tibia,,,,,,,,,,
S333100,51938,open fracture shaft of fibula,,,,,,,,,,
S333200,20678,"open fracture of tibia and fibula, shaft",,,,,,,,,,
S333z00,28198,"open fracture of tibia and fibula, shaft, nos",,,,,,,,,,
S334.00,27719,closed fracture distal tibia,,,,,,,,,,
S334000,34151,"closed fracture distal tibia, extra-articular",,,,,,,,,,
S334100,8465,"closed fracture distal tibia, intra-articular",,,,,,,,,,
S335.00,27992,open fracture distal tibia,,,,,,,,,,
S335000,27721,"open fracture distal tibia, extra-articular",,,,,,,,,,
S335100,65228,"open fracture distal tibia, intra-articular",,,,,,,,,,
S336.00,6917,fracture of upper end of tibia,,,,,,,,,,
S337.00,7723,fracture of shaft of tibia,,,,,,,,,,
S338.00,10007,fracture of lower end of tibia,,,,,,,,,,
S339.00,806,fracture of fibula alone,,,,,,,,,,
S339000,6839,closed fracture of distal fibula,,,,,,,,,,
S339100,12369,open fracture of distal fibula,,,,,,,,,,
S33A.00,78444,fracture of tibia,,,,,,,,,,
S33B.00,100640,open fracture of distal tibia and fibula,,,,,,,,,,
S33C.00,100202,closed fracture of distal tibia and fibula,,,,,,,,,,
S33x.00,29109,"closed fracture of tibia and fibula, unspecified part, nos",,,,,,,,,,
S33x.11,35253,lower leg fracture nos,,,,,,,,,,
S33x000,971,"closed fracture of tibia, unspecified part, nos",,,,,,,,,,
S33x100,4304,"closed fracture of fibula, unspecified part, nos",,,,,,,,,,
S33x200,4572,"closed fracture of tibia and fibula, unspecified part",,,,,,,,,,
S33xz00,41971,"closed fracture of tibia and fibula, unspecified part, nos",,,,,,,,,,
S33y.00,28233,"open fracture of tibia and fibula, unspecified part, nos",,,,,,,,,,
S33y000,29164,"open fracture of tibia, unspecified part, nos",,,,,,,,,,
S33y100,28352,"open fracture of fibula, unspecified part, nos",,,,,,,,,,
S33y200,29084,"open fracture of tibia and fibula, unspecified part",,,,,,,,,,
S33yz00,62787,"open fracture of tibia and fibula, unspecified part, nos",,,,,,,,,,
S33z.00,25485,"fracture of tibia and fibula, nos",,,,,,,,,,
S34..00,325,fracture of ankle,,,,,,,,,,
S340.00,6286,"closed fracture ankle, medial malleolus",,,,,,,,,,
S341.00,33974,"open fracture ankle, medial malleolus",,,,,,,,,,
S342.00,7340,"closed fracture ankle, lateral malleolus",,,,,,,,,,
S342000,7135,"closed fracture ankle, lateral malleolus, low",,,,,,,,,,
S342100,35620,"closed fracture ankle, lateral malleolus, high",,,,,,,,,,
S343.00,18388,"open fracture ankle, lateral malleolus",,,,,,,,,,
S343000,43566,"open fracture ankle, lateral malleolus, low",,,,,,,,,,
S343100,73105,"open fracture ankle, lateral malleolus, high",,,,,,,,,,
S344.00,7317,"closed fracture ankle, bimalleolar",,,,,,,,,,
S344.11,14826,"dupuytren's fracture, fibula",,,,,,,,,,
S344.12,2250,pott's fracture - ankle,,,,,,,,,,
S344000,42969,"closed fracture ankle, bimalleolar, low fibular fracture",,,,,,,,,,
S344100,52371,"closed fracture ankle, bimalleolar, high fibular fracture",,,,,,,,,,
S345.00,18584,"open fracture ankle, bimalleolar",,,,,,,,,,
S345000,66808,"open fracture ankle, bimalleolar, low fibular fracture",,,,,,,,,,
S345100,105816,"open fracture ankle, bimalleolar, high fibular fracture",,,,,,,,,,
S346.00,10009,"closed fracture ankle, trimalleolar",,,,,,,,,,
S346000,56525,"closed fracture ankle, trimalleolar, low fibular fracture",,,,,,,,,,
S346100,52346,"closed fracture ankle, trimalleolar, high fibular fracture",,,,,,,,,,
S347.00,9917,"open fracture ankle, trimalleolar",,,,,,,,,,
S347000,47828,"open fracture ankle, trimalleolar, low fibular fracture",,,,,,,,,,
S347100,105819,"open fracture ankle, trimalleolar, high fibular fracture",,,,,,,,,,
S348.00,5009,fracture of medial malleolus,,,,,,,,,,
S349.00,6731,fracture of lateral malleolus,,,,,,,,,,
S34x.00,4737,"closed fracture ankle, unspecified",,,,,,,,,,
S34y.00,38765,"open fracture ankle, unspecified",,,,,,,,,,
S34z.00,9212,"fracture of ankle, nos",,,,,,,,,,
S35..00,845,fracture of one or more tarsal and metatarsal bones,,,,,,,,,,
S35..11,169,metatarsal bone fracture,,,,,,,,,,
S35..12,2710,tarsal bone fracture,,,,,,,,,,
S350.00,8276,closed fracture of calcaneus,,,,,,,,,,
S350.11,8263,heel bone fracture,,,,,,,,,,
S350.12,15166,os calcis fracture,,,,,,,,,,
S350000,57924,"closed fracture calcaneus, extra-articular",,,,,,,,,,
S350100,34723,"closed fracture calcaneus, intra-articular",,,,,,,,,,
S351.00,43378,open fracture of calcaneus,,,,,,,,,,
S351000,113457,"open fractures calcaneus, extra-articular",,,,,,,,,,
S351100,70226,"open fractures calcaneus, intra-articular",,,,,,,,,,
S352.00,15927,closed fracture of other tarsal and metatarsal bones,,,,,,,,,,
S352.11,1700,march fracture,,,,,,,,,,
S352000,20253,"closed fracture of tarsal bone, unspecified",,,,,,,,,,
S352100,15079,closed fracture of talus,,,,,,,,,,
S352111,30611,closed fracture of astragalus,,,,,,,,,,
S352200,11635,closed fracture navicular,,,,,,,,,,
S352300,4310,closed fracture cuboid,,,,,,,,,,
S352400,34954,closed fracture medial cuneiform,,,,,,,,,,
S352500,58065,closed fracture intermediate cuneiform,,,,,,,,,,
S352600,49847,closed fracture lateral cuneiform,,,,,,,,,,
S352700,3937,closed fracture metatarsal,,,,,,,,,,
S352800,37450,"closed fracture talus, head",,,,,,,,,,
S352900,46955,"closed fracture talus, neck",,,,,,,,,,
S352A00,45664,"closed fracture talus, body",,,,,,,,,,
S352B00,24620,closed fracture metatarsal base,,,,,,,,,,
S352C00,27567,closed fracture metatarsal shaft,,,,,,,,,,
S352D00,29748,closed fracture metatarsal neck,,,,,,,,,,
S352E00,35077,closed fracture metatarsal head,,,,,,,,,,
S352F00,28371,"closed fracture metatarsal, multiple",,,,,,,,,,
S352G00,64378,"closed tarsal fractures, multiple",,,,,,,,,,
S352H00,36304,closed fracture of cuneiforms,,,,,,,,,,
S352J00,28875,closed fracture of base of fifth metatarsal,,,,,,,,,,
S352z00,43153,closed fracture of one or more tarsal + metatarsal bones nos,,,,,,,,,,
S353.00,67007,open fracture of other tarsal and metatarsal bones,,,,,,,,,,
S353000,100196,"open fracture of tarsal bone, unspecified",,,,,,,,,,
S353100,39758,open fracture of talus,,,,,,,,,,
S353200,40992,open fracture navicular,,,,,,,,,,
S353300,49821,open fracture cuboid,,,,,,,,,,
S353400,66231,open fracture medial cuneiform,,,,,,,,,,
S353500,97211,open fracture intermediate cuneiform,,,,,,,,,,
S353600,108242,open fracture lateral cuneiform,,,,,,,,,,
S353700,55939,open fracture metatarsal,,,,,,,,,,
S353800,109115,"open fracture talus, head",,,,,,,,,,
S353900,93536,"open fracture talus, neck",,,,,,,,,,
S353A00,97386,"open fracture talus, body",,,,,,,,,,
S353B00,72586,open fracture metatarsal base,,,,,,,,,,
S353C00,64545,open fracture metatarsal shaft,,,,,,,,,,
S353D00,97803,open fracture metatarsal neck,,,,,,,,,,
S353E00,105612,open fracture metatarsal head,,,,,,,,,,
S353F00,66099,"open fracture metatarsal, multiple",,,,,,,,,,
S353G00,113126,"open tarsal fractures, multiple",,,,,,,,,,
S353H00,40658,open fracture cuneiforms,,,,,,,,,,
S353J00,67239,open fracture of base of fifth metatarsal,,,,,,,,,,
S353z00,48925,open fracture of tarsal and metatarsal bones nos,,,,,,,,,,
S354.00,1857,fracture of calcaneus,,,,,,,,,,
S355.00,2442,fracture of talus,,,,,,,,,,
S356.00,6062,fracture of metatarsal bone,,,,,,,,,,
S35z.00,39733,fracture of tarsal and metatarsal bones nos,,,,,,,,,,
S36..00,2672,fracture of one or more phalanges of foot,,,,,,,,,,
S36..11,1873,toe fracture,,,,,,,,,,
S360.00,4306,closed fracture of one or more phalanges of foot,,,,,,,,,,
S360000,25073,"closed fracture proximal phalanx, toe",,,,,,,,,,
S360100,29804,"closed fracture middle phalanx, toe",,,,,,,,,,
S360200,28251,"closed fracture distal phalanx, toe",,,,,,,,,,
S360300,53905,"closed fracture multiple phalanges, toe",,,,,,,,,,
S361.00,37865,open fracture of one or more phalanges of foot,,,,,,,,,,
S361000,50517,"open fracture proximal phalanx, toe",,,,,,,,,,
S361100,69728,"open fracture middle phalanx, toe",,,,,,,,,,
S361200,51213,"open fracture distal phalanx, toe",,,,,,,,,,
S361300,61556,"open fracture multiple phalanges, toe",,,,,,,,,,
S362.00,2176,fracture of great toe,,,,,,,,,,
S362000,28604,closed fracture of great toe,,,,,,,,,,
S362100,31847,open fracture of great toe,,,,,,,,,,
S363.00,7159,fracture of other toe,,,,,,,,,,
S36z.00,34424,fracture of one or more phalanges of foot nos,,,,,,,,,,
S37..00,33903,"fracture of lower limb, level unspecified",,,,,,,,,,
S370.00,40368,"closed fracture of lower limb, level unspecified",,,,,,,,,,
S371.00,44245,"open fracture of lower limb, level unspecified",,,,,,,,,,
S3X..00,11275,"fracture of lower leg, part unspecified",,,,,,,,,,
S3x..00,45517,"other, multiple and ill-defined fractures of lower limb",,,,,,,,,,
S3x0.00,37291,"other, multiple and ill-defined closed fractures lower limb",,,,,,,,,,
S3x1.00,69917,"other, multiple and ill-defined open fractures of lower limb",,,,,,,,,,
S3x2.00,21773,multiple fractures of femur,,,,,,,,,,
S3x3.00,9348,multiple fractures of lower leg,,,,,,,,,,
S3x4.00,9174,multiple fractures of foot,,,,,,,,,,
S3xz.00,14746,"other, multiple and ill-defined fractures of lower limb nos",,,,,,,,,,
S3z..00,2470,fracture of unspecified bones,,,,,,,,,,
S3z..11,358,fracture nos,,,,,,,,,,
S3z0.00,37310,"closed fracture of bones, unspecified",,,,,,,,,,
S3z0000,455,greenstick fracture,,,,,,,,,,
S3z1.00,953,"open fracture of bones, unspecified",,,,,,,,,,
S3zz.00,29162,fracture of bones nos,,,,,,,,,,
SP22400,103428,intra-operative fracture,,,,,,,,,,
SR1..00,19206,fractures involving multiple body regions,,,,,,,,,,
SR10.00,32009,fractures involving head with neck,,,,,,,,,,
SR10000,73786,closed fractures involving head with neck,,,,,,,,,,
SR11.00,45934,fractures involving thorax with lower back and pelvis,,,,,,,,,,
SR12.00,53423,fractures involving multiple regions of one upper limb,,,,,,,,,,
SR12000,92830,closed fractures involving multiple regions of one upp limb,,,,,,,,,,
SR13.00,69824,fractures involving multiple regions of one lower limb,,,,,,,,,,
SR14.00,99303,fractures involving multiple regions of both lower limbs,,,,,,,,,,
SR15.00,56858,fract invol multiple regions of up limb(s) with low limb(s),,,,,,,,,,
SR15000,103049,cl fractures involving multiple regions upper with lower lmb,,,,,,,,,,
SR16.00,28110,fract invol thorax with lower back and pelvis with limb(s),,,,,,,,,,
SR16000,57223,closed fracture inv thorax wth low back and pelvis and limbs,,,,,,,,,,
SR1z.00,50270,"multiple fractures, unspecified",,,,,,,,,,
SR1z000,73336,[x]closed multiple fractures unspecified,,,,,,,,,,
SR1z100,96460,[x]open multiple fractures unspecified,,,,,,,,,,
Syu0300,109772,[x]fractures of other skull and facial bones,,,,,,,,,,
Syu0400,94692,"[x]fracture of skull and facial bones, part unspecified",,,,,,,,,,
Syu1500,94638,[x]fracture of other specified cervical vertebra,,,,,,,,,,
Syu1600,99936,[x]fracture of other parts of neck,,,,,,,,,,
Syu2800,111042,"[x]fracture of bony thorax, part unspecified",,,,,,,,,,
Syu3400,53802,[x]fract of other and unspec parts of lumbar spine & pelvis,,,,,,,,,,
Syu4200,97352,"[x]multiple fractures of clavicle, scapula and humerus",,,,,,,,,,
Syu4300,52457,[x]fracture of other parts of shoulder and upper arm,,,,,,,,,,
Syu4400,53866,"[x]fracture of shoulder and upper arm, unspecified",,,,,,,,,,
Syu5300,102916,[x]fracture of other parts of forearm,,,,,,,,,,
Syu5400,52977,"[x]fracture of forearm, unspecified",,,,,,,,,,
Syu6300,102155,[x]fracture of other carpal bone(s),,,,,,,,,,
Syu6400,71739,[x]fracture of other metacarpal bone,,,,,,,,,,
Syu6500,53068,[x]fracture of other & unspecified parts of wrist and hand,,,,,,,,,,
Syu7200,73113,[x]fractures of other parts of femur,,,,,,,,,,
Syu8300,96939,[x]fractures of other parts of lower leg,,,,,,,,,,
Syu8D00,103024,"[x]fracture of lower leg, part unspecified",,,,,,,,,,
Syu9400,97380,[x]fracture of other tarsal bones,,,,,,,,,,
SyuA200,110205,[x]fractures involving other combinations of body regions,,,,,,,,,,
SyuBB00,109469,[x]fracture of unspecified body region,,,,,,,,,,
TC7..00,16769,"fracture, cause unspecified",,,,,,,,,,
Zw02D00,111268,[q] open fracture grade 1,,,,,,,,,,
Zw02E00,95619,[q] open fracture grade 2,,,,,,,,,,
Zw02F00,113178,[q] open fracture grade 3,,,,,,,,,,
